CDR3,clsf,dis
---CASSYVRNTGELFF---,0.8173730969429016,5.552052243729122e-05
---CASSYVRGTGELFF---,0.7120761871337891,7.88009783718735e-05
