CDR3,clsf,dis
--CASSGGTSTNYNEQFF--,0.915818572,0.197218344
CASARGPGAGATGTLEQQYF,0.73062396,0.000209418
CASASGPGAGGTNTLELQFF,0.740171671,0.027879225
-CSASGPGAGNTNTLEQFF-,0.74623692,0.05010888
---CAGGLDSGNTELFF---,0.739609599,0.049593505
CASASGPGAGGTGTLELQFF,0.692118526,0.033188943
-CSALGLGAGGSGNTIYF--,0.775809646,0.13991338
---CAGGLDSYNGELFF---,0.725193918,0.089336537
CASASGPGAGATNTLELQFF,0.680731416,0.03273816
-CSARGPGAGATGTLELQY-,0.683680534,0.095407456
-CSALGLGTGGAGNTIYF--,0.796864748,0.239492059
CASASGPGAGGTNTLELQYF,0.762336135,0.209422514
---CAGGLDSGNGELFF---,0.749202549,0.199285477
-CSASGSGAGGTETLELQY-,0.783641338,0.234644383
--CASAGTTGYNGELFF---,0.750952899,0.211215019
-CSASGPGAGGTNTLELQF-,0.784271002,0.252133489
CASASGPGAGGTETLELQYF,0.714112639,0.198645771
CASASGPGAGATGTLELQYF,0.727567792,0.250923276
-CSASGPGAGATNTLELQF-,0.704780042,0.246316448
