CDR3,clsf,dis
---CASSYVGNTGELFF---,0.5158441662788391,7.88344259490259e-05
---CASSYVGGTGELFF---,0.39673444628715515,9.590641275281087e-05
---CASSYVGDTGELFF---,0.3555034101009369,0.0002172950335079804
---CASSYVSNTGELFF---,0.7760018706321716,0.6290390491485596
---CASSYVSGTGELFF---,0.6330933570861816,0.6859500408172607
---CASSYVSDTGELFF---,0.6191026568412781,0.7367687225341797
---CASSYVANTGELFF---,0.6268361210823059,8.814845205051824e-05
---CASSYVAGTGELFF---,0.5187121033668518,9.545960347168148e-05
---CASSYVADTGELFF---,0.460124135017395,0.00011228944640606642
---CASSYVRNTGELFF---,0.8173730969429016,5.552052243729122e-05
---CASSYVRGTGELFF---,0.7120761871337891,7.88009783718735e-05
---CASSYVRDTGELFF---,0.6087732315063477,9.429251804249361e-05
---CASSYVDNTGELFF---,0.41563287377357483,0.00010485437087481841
---CASSYVDGTGELFF---,0.33257362246513367,0.00012268265709280968
